epoch,time,train/box_loss,train/seg_loss,train/cls_loss,train/dfl_loss,metrics/precision(B),metrics/recall(B),metrics/mAP50(B),metrics/mAP50-95(B),metrics/precision(M),metrics/recall(M),metrics/mAP50(M),metrics/mAP50-95(M),val/box_loss,val/seg_loss,val/cls_loss,val/dfl_loss,lr/pg0,lr/pg1,lr/pg2
1,33.2233,2.33815,3.49525,4.1524,2.07932,0.00219,0.21053,0.00167,0.00054,0.00294,0.31579,0.00197,0.00058,2.87098,4.48221,331.55,3.3891,0.00065625,0.00065625,0.00065625
2,59.9078,2.59459,2.86356,3.29292,2.40175,0.00236,0.31579,0.00158,0.00038,0.00141,0.18421,0.00073,0.00018,3.41734,5.57186,115.517,3.80204,0.0013203,0.0013203,0.0013203
3,84.554,2.91194,2.92468,3.34564,2.74912,0.0123,0.18421,0.00434,0.00121,0.01054,0.15789,0.00333,0.00054,3.37509,27.8558,240.995,11.9357,0.0019817,0.0019817,0.0019817
4,110.635,2.832,2.98204,3.31757,2.72693,0.00849,0.13158,0.00382,0.00064,0.00125,0.05263,0.00033,5e-05,3.24534,34.7394,262.239,4.30911,0.00198812,0.00198812,0.00198812
5,136.622,2.88653,2.79464,3.14865,2.72834,0.00084,0.13158,0.00141,0.00045,0,0,0,0,3.98169,444.921,inf,12.2091,0.00198416,0.00198416,0.00198416
6,160.547,2.85857,2.78836,3.12244,2.72499,0.00042,0.10526,0.00024,6e-05,0.00021,0.05263,0.00011,2e-05,3.17112,6.36001,inf,3.19218,0.0019802,0.0019802,0.0019802
7,184.107,2.73011,2.77089,2.95812,2.62843,0.00598,0.07895,0.00343,0.00099,0.00972,0.15789,0.0032,0.00088,3.08468,3.33939,10.9781,3.1704,0.00197624,0.00197624,0.00197624
8,210.333,2.69788,2.67205,2.95427,2.55844,0.00835,0.05263,0.00166,0.00049,0.00442,0.02632,0.00105,0.00032,3.41885,3.8039,32.3034,3.51673,0.00197228,0.00197228,0.00197228
9,235.139,2.62649,2.56307,2.91441,2.49243,0.02979,0.13158,0.01646,0.00423,0.07816,0.21053,0.03228,0.00849,2.90824,2.88694,5.38767,2.98893,0.00196832,0.00196832,0.00196832
10,260.786,2.58773,2.53256,2.85912,2.46077,0.01227,0.5,0.01832,0.00411,0.01172,0.13158,0.02527,0.00537,2.99816,3.01259,3.71802,2.98633,0.00196436,0.00196436,0.00196436
11,285.121,2.48519,2.52156,2.75446,2.42335,0.00961,0.57895,0.03233,0.00804,0.01092,0.65789,0.05119,0.00898,2.76516,2.91726,3.61816,2.80507,0.0019604,0.0019604,0.0019604
12,311.425,2.63535,2.39628,2.71812,2.45297,0.0401,0.36842,0.03171,0.00722,0.04583,0.42105,0.03089,0.00866,2.8998,3.16109,3.79005,2.66489,0.00195644,0.00195644,0.00195644
13,335.317,2.45954,2.47057,2.69928,2.31161,0.06199,0.23684,0.06529,0.01641,0.08652,0.26316,0.07877,0.01859,2.6049,2.98671,3.06365,2.49586,0.00195248,0.00195248,0.00195248
14,366.999,2.39334,2.42197,2.59862,2.27132,0.03827,0.13158,0.04104,0.01265,0.04079,0.07895,0.03303,0.01037,2.69763,2.56736,3.15314,2.48947,0.00194852,0.00194852,0.00194852
15,391.373,2.35095,2.43882,2.68619,2.32273,0.08187,0.28947,0.05812,0.01627,0.08931,0.31579,0.07853,0.02141,2.54235,2.27229,3.50811,2.55825,0.00194456,0.00194456,0.00194456
16,417.229,2.34329,2.48982,2.67674,2.28872,0.05629,0.26316,0.04846,0.01367,0.05629,0.26316,0.04125,0.01207,2.63426,2.50372,2.77062,2.49077,0.0019406,0.0019406,0.0019406
17,442.64,2.31337,2.38007,2.55921,2.25416,0.07654,0.36842,0.05868,0.01726,0.08747,0.42105,0.05746,0.01536,2.59882,2.31383,2.90928,2.48107,0.00193664,0.00193664,0.00193664
18,467.157,2.30056,2.4144,2.48129,2.26094,0.11944,0.26316,0.09822,0.03333,0.17104,0.26316,0.13334,0.03401,2.48266,2.46553,3.10252,2.35878,0.00193268,0.00193268,0.00193268
19,493.371,2.25024,2.29982,2.45087,2.24987,0.12227,0.28947,0.109,0.027,0.10201,0.31579,0.09309,0.03637,2.37862,2.52481,2.84078,2.3332,0.00192872,0.00192872,0.00192872
20,518.652,2.22173,2.32171,2.35208,2.13842,0.25467,0.10526,0.13628,0.05249,0.42917,0.15789,0.17472,0.06188,2.42002,2.34146,2.98223,2.34881,0.00192476,0.00192476,0.00192476
21,544.402,2.28649,2.2605,2.48484,2.21333,0.04394,0.44737,0.06904,0.01538,0.10672,0.55263,0.15767,0.04359,2.75321,2.32103,3.14425,2.47792,0.0019208,0.0019208,0.0019208
22,568.543,2.32887,2.34789,2.45439,2.15954,0.18029,0.18421,0.13911,0.04765,0.2318,0.23684,0.15423,0.0597,2.66908,2.66388,2.88593,2.50174,0.00191684,0.00191684,0.00191684
23,592.687,2.19992,2.22896,2.41599,2.16012,0.29633,0.23684,0.1859,0.05314,0.24721,0.21053,0.17214,0.03986,2.47354,2.38179,2.7677,2.38545,0.00191288,0.00191288,0.00191288
24,618.18,2.10613,2.30715,2.42394,2.07525,0.26068,0.18421,0.17564,0.06894,0.29792,0.21053,0.2055,0.0617,2.34017,2.28427,3.0374,2.32095,0.00190892,0.00190892,0.00190892
25,644.204,2.14521,2.25892,2.44927,2.12471,0.15775,0.39474,0.14403,0.04019,0.27378,0.31579,0.21834,0.05856,2.30344,2.22214,2.78054,2.32838,0.00190496,0.00190496,0.00190496
26,668.359,2.07512,2.26349,2.37963,2.07219,0.17129,0.39474,0.15011,0.04295,0.15082,0.34211,0.12157,0.03536,2.21979,2.21407,2.78888,2.25915,0.001901,0.001901,0.001901
27,693.637,2.14238,2.22386,2.33295,2.10147,0.18075,0.23684,0.14781,0.05664,0.25423,0.34211,0.19319,0.06117,2.48368,2.19981,3.01847,2.43076,0.00189704,0.00189704,0.00189704
28,718.795,2.12427,2.24758,2.27982,2.06446,0.22424,0.26316,0.1671,0.049,0.21371,0.26316,0.14471,0.0437,2.21754,2.17147,2.58477,2.24261,0.00189308,0.00189308,0.00189308
29,742.795,2.0605,2.24315,2.27268,2.00838,0.31169,0.21463,0.22322,0.0842,0.31957,0.26316,0.22186,0.07987,2.23525,2.15239,2.54689,2.2335,0.00188912,0.00188912,0.00188912
30,768.838,2.07429,2.18237,2.27237,2.05936,0.27028,0.28947,0.18953,0.07471,0.26366,0.31579,0.19921,0.06536,2.29352,2.29534,2.80201,2.24808,0.00188516,0.00188516,0.00188516
31,794.498,2.03633,2.24746,2.26193,1.97497,0.29378,0.18421,0.15496,0.04571,0.23489,0.15789,0.11532,0.04454,2.32689,2.0895,3.18107,2.23434,0.0018812,0.0018812,0.0018812
32,818.989,2.02066,2.20835,2.36069,2.00172,0.09148,0.36041,0.08114,0.02931,0.11152,0.43936,0.09351,0.03157,2.32729,2.08294,2.95123,2.13116,0.00187724,0.00187724,0.00187724
33,843.525,2.08959,2.22684,2.27286,2.06395,0.12715,0.26316,0.13883,0.0634,0.14091,0.34211,0.15104,0.06045,2.29879,2.3482,2.67292,2.25384,0.00187328,0.00187328,0.00187328
34,868.559,1.96308,2.21136,2.17029,1.9117,0.21622,0.31223,0.17284,0.0739,0.24313,0.33821,0.21019,0.0593,2.25846,2.22161,2.63511,2.23452,0.00186932,0.00186932,0.00186932
35,893.241,2.04714,2.28491,2.21456,2.00693,0.21249,0.28947,0.19258,0.06071,0.20242,0.28947,0.2102,0.06238,2.44799,2.21498,2.55914,2.26074,0.00186536,0.00186536,0.00186536
36,917.719,2.06596,2.21652,2.18982,1.97835,0.18673,0.26316,0.14961,0.04674,0.2054,0.28947,0.15616,0.03738,2.17675,2.40375,2.52272,2.18204,0.0018614,0.0018614,0.0018614
37,942.427,1.96412,2.16046,2.0933,1.90796,0.16778,0.31579,0.11468,0.04198,0.24061,0.36842,0.15206,0.04397,2.17589,2.27126,2.60265,2.12504,0.00185744,0.00185744,0.00185744
38,967.691,1.97821,2.14707,2.08347,1.92242,0.19229,0.23684,0.14879,0.06092,0.2634,0.18421,0.1852,0.05842,2.24448,2.27054,2.96475,2.27131,0.00185348,0.00185348,0.00185348
39,991.63,2.0129,2.19062,2.12857,1.96039,0.39774,0.15789,0.1768,0.07218,0.42667,0.15789,0.22219,0.07402,2.33986,2.13705,2.66558,2.21297,0.00184952,0.00184952,0.00184952
40,1015.76,1.99405,2.15245,2.10224,1.94115,0.23794,0.28947,0.14721,0.05132,0.29297,0.34211,0.17656,0.05417,2.27126,2.01613,2.72055,2.27606,0.00184556,0.00184556,0.00184556
41,1041.26,1.93543,1.99698,2.03608,1.92051,0.2613,0.23684,0.21981,0.0952,0.28198,0.26316,0.24523,0.10133,2.18069,2.19978,2.57195,2.12093,0.0018416,0.0018416,0.0018416
42,1067.66,1.93998,2.15416,2.08912,1.92296,0.3457,0.19495,0.2494,0.12284,0.30104,0.28947,0.24412,0.09651,2.06869,2.23036,2.3349,2.06485,0.00183764,0.00183764,0.00183764
43,1093.02,1.86801,2.1289,1.9844,1.88562,0.234,0.42105,0.15797,0.06097,0.24355,0.34211,0.13201,0.04246,2.13948,2.29892,2.76202,2.15603,0.00183368,0.00183368,0.00183368
44,1118.8,1.96745,2.16236,1.96984,1.88374,0.23018,0.30699,0.20006,0.0849,0.25298,0.36842,0.19935,0.08117,2.24508,2.0938,2.53665,2.18269,0.00182972,0.00182972,0.00182972
45,1143.15,1.95054,2.1264,1.93934,1.86802,0.30611,0.31579,0.2644,0.09711,0.32193,0.36842,0.29406,0.08403,2.36785,2.24416,2.53049,2.19841,0.00182576,0.00182576,0.00182576
46,1167.51,1.98919,2.16222,2.01285,1.91781,0.50639,0.27022,0.35262,0.11871,0.50639,0.27022,0.35591,0.13661,2.41957,2.27968,2.38334,2.21881,0.0018218,0.0018218,0.0018218
47,1192.63,1.94219,2.17529,2.03405,1.9105,0.27606,0.34211,0.32204,0.14463,0.25226,0.31579,0.31967,0.11917,2.15634,2.05874,2.24695,2.19781,0.00181784,0.00181784,0.00181784
48,1218.54,1.90614,2.01934,2.04369,1.9112,0.26781,0.26316,0.28471,0.09648,0.23592,0.34211,0.26303,0.08396,2.2213,2.19326,2.37147,2.24714,0.00181388,0.00181388,0.00181388
49,1242.12,1.98123,2.12559,2.02321,1.96245,0.21991,0.28947,0.14336,0.04763,0.29294,0.31579,0.22273,0.06818,2.04487,2.19695,2.86226,2.13593,0.00180992,0.00180992,0.00180992
50,1265.78,1.88652,2.01494,1.97799,1.89636,0.27927,0.39474,0.3126,0.12351,0.29788,0.42105,0.32814,0.11698,1.95167,2.06958,2.46171,1.99221,0.00180596,0.00180596,0.00180596
51,1290.27,1.89757,2.16481,2.04484,1.8977,0.55696,0.29802,0.33568,0.14166,0.49288,0.34211,0.37094,0.14869,2.10412,1.93633,2.27347,2.0165,0.001802,0.001802,0.001802
52,1316.15,1.83077,2.0265,1.92471,1.87057,0.28487,0.34211,0.26955,0.10828,0.27186,0.34392,0.27667,0.10413,2.28667,2.04972,2.41762,2.09986,0.00179804,0.00179804,0.00179804
53,1339.55,1.77981,2.11588,1.84378,1.79735,0.27425,0.28947,0.2272,0.08514,0.24001,0.28947,0.2371,0.07678,2.27847,2.05954,2.59965,2.20591,0.00179408,0.00179408,0.00179408
54,1363.29,1.84122,2.04657,1.99405,1.88177,0.254,0.36842,0.22995,0.11104,0.23704,0.36842,0.24098,0.0918,2.14725,2.16087,2.48794,2.1083,0.00179012,0.00179012,0.00179012
55,1387.99,1.85022,2.08303,1.99482,1.87344,0.16769,0.34211,0.20191,0.09482,0.2762,0.34211,0.25566,0.10336,2.17675,2.03112,2.55709,2.11655,0.00178616,0.00178616,0.00178616
56,1411.6,1.81727,2.09348,1.91909,1.84064,0.29616,0.28794,0.26566,0.10999,0.25222,0.26316,0.25177,0.10874,2.08009,2.1886,2.29638,2.04836,0.0017822,0.0017822,0.0017822
57,1435.01,1.81233,2.06257,1.81842,1.77288,0.33427,0.44737,0.35134,0.15753,0.3467,0.461,0.37056,0.14864,2.06635,2.1419,2.31266,2.06444,0.00177824,0.00177824,0.00177824
58,1460.56,1.83655,1.95263,1.79084,1.86049,0.27621,0.44737,0.28523,0.10359,0.24996,0.44737,0.26729,0.10272,2.14633,2.09641,2.57525,2.14805,0.00177428,0.00177428,0.00177428
59,1485.32,1.80103,2.06289,1.8321,1.80792,0.35032,0.42105,0.28383,0.10668,0.33489,0.42105,0.24888,0.08958,2.16101,2.03541,2.33864,2.07041,0.00177032,0.00177032,0.00177032
60,1508.59,1.815,2.03215,1.84928,1.83857,0.21573,0.52632,0.22348,0.07274,0.25019,0.42105,0.20185,0.06446,2.16276,2.0113,2.46745,2.11881,0.00176636,0.00176636,0.00176636
61,1532.39,1.76762,1.91654,1.78173,1.78206,0.26423,0.39474,0.25275,0.09272,0.27374,0.42105,0.26973,0.1014,2.02723,2.00465,2.6639,2.0492,0.0017624,0.0017624,0.0017624
62,1558.32,1.74364,2.03813,1.8281,1.77862,0.45881,0.42105,0.35971,0.14275,0.42569,0.5,0.33861,0.13076,2.21082,2.18543,2.05178,2.15912,0.00175844,0.00175844,0.00175844
63,1582.54,1.85977,2.07615,1.84114,1.84551,0.25483,0.52632,0.26787,0.13261,0.39906,0.52632,0.41028,0.13393,2.23392,2.1417,2.41459,2.14769,0.00175448,0.00175448,0.00175448
64,1606.46,1.7351,1.96422,1.81782,1.85535,0.42107,0.52632,0.43419,0.14779,0.45652,0.57895,0.41157,0.15073,2.21143,1.91489,2.25794,2.16776,0.00175052,0.00175052,0.00175052
65,1631.73,1.66633,1.90693,1.6786,1.75164,0.55266,0.26316,0.32186,0.12365,0.57257,0.28229,0.32916,0.12276,2.10422,1.98198,2.46215,2.11115,0.00174656,0.00174656,0.00174656
66,1656.9,1.79661,2.10393,1.87333,1.83033,0.59276,0.38331,0.40165,0.15621,0.51663,0.36842,0.35757,0.13083,2.13712,1.97553,2.1161,2.17901,0.0017426,0.0017426,0.0017426
67,1680.83,1.73896,2.02093,1.74236,1.75997,0.521,0.37222,0.37255,0.16875,0.52233,0.42105,0.42508,0.13997,2.10156,2.06058,2.16059,2.07354,0.00173864,0.00173864,0.00173864
68,1707.05,1.70946,1.89561,1.66151,1.71427,0.30118,0.36842,0.32518,0.13229,0.34216,0.39474,0.40346,0.15892,2.00053,2.05376,2.44907,2.09462,0.00173468,0.00173468,0.00173468
69,1732.23,1.70395,1.89192,1.63071,1.74138,0.20393,0.47368,0.28116,0.13121,0.51158,0.24842,0.33177,0.13597,2.10685,1.98699,2.407,2.05819,0.00173072,0.00173072,0.00173072
70,1756.56,1.72483,2.00485,1.71869,1.7484,0.42713,0.49065,0.41877,0.16717,0.41074,0.52632,0.40822,0.16551,2.23154,2.04262,2.14384,2.17269,0.00172676,0.00172676,0.00172676
71,1782.25,1.70352,1.98597,1.71612,1.75419,0.33678,0.5,0.36837,0.15294,0.3509,0.52632,0.3422,0.14213,2.08386,1.94424,2.1073,2.02844,0.0017228,0.0017228,0.0017228
72,1807.86,1.72035,1.91014,1.63005,1.72766,0.31455,0.42105,0.34192,0.14769,0.38892,0.52632,0.3509,0.14533,1.98301,1.93797,2.18083,1.98077,0.00171884,0.00171884,0.00171884
73,1832.57,1.72466,1.99954,1.70879,1.70766,0.27592,0.31579,0.33344,0.16455,0.37668,0.52632,0.36559,0.15325,2.07773,2.02702,2.24425,2.05954,0.00171488,0.00171488,0.00171488
74,1857.6,1.75546,2.01442,1.74968,1.75258,0.61992,0.28947,0.36455,0.16714,0.4946,0.33501,0.37316,0.14874,2.08673,2.10036,2.20974,2.10854,0.00171092,0.00171092,0.00171092
75,1882.3,1.65006,1.92192,1.68719,1.70989,0.45011,0.53866,0.46222,0.21436,0.47021,0.57895,0.53024,0.19225,1.93924,2.08103,2.07728,2.01461,0.00170696,0.00170696,0.00170696
76,1909.05,1.66415,1.98593,1.67106,1.71264,0.39553,0.5,0.41271,0.17611,0.37472,0.47368,0.37173,0.14221,1.94221,2.02331,2.18624,2.00298,0.001703,0.001703,0.001703
77,1933.16,1.69919,1.91198,1.647,1.72153,0.49174,0.42105,0.41767,0.20229,0.49174,0.42105,0.4051,0.16518,1.85331,1.94685,1.9662,1.95689,0.00169904,0.00169904,0.00169904
78,1957.46,1.69675,1.97026,1.66595,1.75546,0.44508,0.44334,0.4303,0.20131,0.49382,0.44737,0.4859,0.18777,1.93584,1.84902,2.03747,1.9661,0.00169508,0.00169508,0.00169508
79,1982.53,1.76482,2.07275,1.68091,1.79654,0.49016,0.44737,0.40863,0.13705,0.40443,0.36842,0.35305,0.13496,1.9328,1.96366,2.50994,2.02094,0.00169112,0.00169112,0.00169112
80,2008.09,1.6955,1.95598,1.63826,1.72158,0.47278,0.56651,0.4874,0.24558,0.43426,0.47368,0.47037,0.18267,1.90086,2.05436,2.02189,1.97174,0.00168716,0.00168716,0.00168716
81,2033.55,1.73241,1.97233,1.6703,1.76324,0.54883,0.38439,0.41559,0.18691,0.45793,0.53366,0.41299,0.15567,1.9873,1.9973,1.98938,2.04255,0.0016832,0.0016832,0.0016832
82,2057.49,1.61056,1.88334,1.5879,1.65063,0.48591,0.5,0.49325,0.24651,0.4824,0.5,0.4681,0.18797,1.85278,1.91837,2.1531,1.98867,0.00167924,0.00167924,0.00167924
83,2084.53,1.67374,2.01069,1.65178,1.69972,0.2788,0.63158,0.40558,0.19104,0.27829,0.52632,0.41128,0.16408,2.03919,1.98965,1.98245,2.09285,0.00167528,0.00167528,0.00167528
84,2108.89,1.58483,1.93543,1.53309,1.65729,0.48865,0.47368,0.44108,0.1723,0.45568,0.47368,0.42654,0.1536,2.01772,2.01486,2.33884,2.08819,0.00167132,0.00167132,0.00167132
85,2133.52,1.65161,1.97685,1.57626,1.70328,0.44904,0.52632,0.43917,0.18599,0.43339,0.48323,0.43302,0.15791,1.92663,1.9685,2.52985,2.0271,0.00166736,0.00166736,0.00166736
86,2159.39,1.66103,1.89361,1.56372,1.71792,0.44626,0.39474,0.44484,0.19741,0.36021,0.45943,0.42311,0.17188,2.03572,2.00471,1.95525,2.04642,0.0016634,0.0016634,0.0016634
87,2183.5,1.64599,1.96185,1.52094,1.68451,0.4858,0.42105,0.42324,0.16637,0.44927,0.55263,0.45673,0.1743,2.20463,2.0942,2.0895,2.1808,0.00165944,0.00165944,0.00165944
88,2207.26,1.65648,1.85875,1.48111,1.65776,0.34865,0.60526,0.38611,0.1667,0.32724,0.60526,0.38955,0.17015,1.90824,1.92318,1.9766,2.0415,0.00165548,0.00165548,0.00165548
89,2231.65,1.69022,1.89504,1.52821,1.69526,0.42091,0.36842,0.4065,0.19515,0.45098,0.39474,0.49037,0.17639,1.9757,1.91922,2.12454,2.00502,0.00165152,0.00165152,0.00165152
90,2256.3,1.62983,1.8597,1.50196,1.6664,0.78783,0.29336,0.45628,0.22531,0.85805,0.31579,0.50588,0.18145,2.03085,2.03285,2.10277,2.04988,0.00164756,0.00164756,0.00164756
91,2280.27,1.61398,1.89776,1.49201,1.64495,0.40753,0.57895,0.54811,0.23608,0.63599,0.39474,0.5167,0.18602,1.94125,2.15939,1.88818,2.01908,0.0016436,0.0016436,0.0016436
92,2303.66,1.66106,1.87912,1.46486,1.66666,0.65916,0.42105,0.49512,0.23229,0.69234,0.44737,0.53199,0.20101,1.85877,1.97864,2.31723,1.91085,0.00163964,0.00163964,0.00163964
93,2329.31,1.62135,1.9382,1.51028,1.66765,0.57515,0.53454,0.51229,0.24243,0.54683,0.50822,0.48239,0.19,1.8107,1.94309,1.95925,1.91535,0.00163568,0.00163568,0.00163568
94,2353.71,1.58947,1.9149,1.50128,1.66107,0.46215,0.57895,0.48784,0.23858,0.5722,0.42243,0.50133,0.209,1.7658,1.96317,2.13359,1.85227,0.00163172,0.00163172,0.00163172
95,2378.88,1.68645,1.98135,1.6659,1.72787,0.76531,0.31579,0.47767,0.22836,0.76947,0.31579,0.47395,0.18972,1.84488,1.97018,1.97691,1.91008,0.00162776,0.00162776,0.00162776
96,2403.05,1.56999,1.86537,1.50497,1.61247,0.49323,0.44737,0.47663,0.25588,0.52224,0.47368,0.484,0.19954,1.95045,1.87233,1.97718,1.82758,0.0016238,0.0016238,0.0016238
97,2429.97,1.59013,1.84162,1.48729,1.62358,0.44276,0.41826,0.39791,0.18794,0.49591,0.42105,0.41442,0.17619,1.84556,1.88689,2.14299,1.89894,0.00161984,0.00161984,0.00161984
98,2454.47,1.59746,1.8806,1.48838,1.64684,0.55931,0.47368,0.49666,0.21352,0.50212,0.47368,0.47864,0.1556,1.95825,1.97946,1.99271,1.93066,0.00161588,0.00161588,0.00161588
99,2478.35,1.59812,1.8602,1.4587,1.62412,0.57104,0.5255,0.58079,0.27156,0.53968,0.49379,0.5612,0.22234,1.93681,1.97366,2.00753,1.91598,0.00161192,0.00161192,0.00161192
100,2504.05,1.52851,1.81069,1.43148,1.59121,0.5624,0.47368,0.52269,0.25908,0.52236,0.44737,0.48781,0.21282,1.90053,1.88622,2.20278,1.89336,0.00160796,0.00160796,0.00160796
101,2527.43,1.56305,1.81276,1.4192,1.64051,0.45822,0.55263,0.4926,0.22084,0.41416,0.5,0.4328,0.1688,1.85238,1.92784,1.98287,1.86262,0.001604,0.001604,0.001604
102,2551.6,1.55515,1.84161,1.36706,1.60605,0.40786,0.34211,0.41742,0.22639,0.43924,0.36842,0.4237,0.17857,1.78577,1.90381,2.0166,1.86954,0.00160004,0.00160004,0.00160004
103,2576.47,1.53882,1.78255,1.41101,1.5946,0.5666,0.42105,0.4643,0.21456,0.51782,0.39474,0.44863,0.17201,1.91335,1.87858,2.13263,1.99054,0.00159608,0.00159608,0.00159608
104,2601.8,1.58295,1.86401,1.45992,1.65171,0.51003,0.60526,0.50859,0.20636,0.48241,0.57895,0.4724,0.18069,2.20337,2.07564,1.94903,2.09981,0.00159212,0.00159212,0.00159212
105,2625.79,1.64207,1.8186,1.45504,1.61998,0.52128,0.71647,0.66361,0.28919,0.52128,0.71647,0.64794,0.23432,2.00618,2.00515,1.65672,2.00152,0.00158816,0.00158816,0.00158816
106,2651.38,1.54221,1.78164,1.43452,1.66034,0.4436,0.65051,0.53495,0.24582,0.44822,0.63158,0.54093,0.23785,1.86922,2.0757,1.78419,1.90707,0.0015842,0.0015842,0.0015842
107,2676.71,1.61817,1.87908,1.52294,1.69553,0.58779,0.45038,0.50343,0.23249,0.46864,0.60526,0.50945,0.21648,1.90096,1.96048,1.91859,1.9785,0.00158024,0.00158024,0.00158024
108,2701.47,1.55171,1.87449,1.40912,1.60023,0.46291,0.47636,0.46825,0.20998,0.47321,0.55263,0.44437,0.17421,1.96772,1.97751,2.01837,1.9601,0.00157628,0.00157628,0.00157628
109,2725.78,1.5798,1.92634,1.4643,1.5626,0.54982,0.54651,0.52341,0.22755,0.50999,0.44737,0.47823,0.16898,1.99585,2.06715,1.91168,2.02815,0.00157232,0.00157232,0.00157232
110,2750.8,1.53642,1.92429,1.4232,1.62494,0.54408,0.52632,0.50685,0.23036,0.51687,0.5,0.49271,0.16831,1.86476,1.8895,1.90061,2.02425,0.00156836,0.00156836,0.00156836
111,2776.01,1.53044,1.83993,1.45578,1.58983,0.48852,0.55263,0.48494,0.22298,0.45605,0.52632,0.47316,0.17106,2.0232,1.96054,1.87344,2.07493,0.0015644,0.0015644,0.0015644
112,2800.16,1.4835,1.82625,1.41789,1.56687,0.41297,0.55544,0.47487,0.21709,0.39958,0.55263,0.46708,0.17016,2.01193,1.91192,1.84788,2.01248,0.00156044,0.00156044,0.00156044
113,2824.49,1.48683,1.81843,1.30908,1.54838,0.60391,0.52172,0.54822,0.24139,0.49455,0.48939,0.4854,0.21472,2.03063,1.88823,1.89457,2.03667,0.00155648,0.00155648,0.00155648
114,2849.64,1.57854,1.81489,1.3126,1.6294,0.76169,0.44737,0.55777,0.25084,0.61217,0.42105,0.55246,0.20731,2.02156,1.95233,1.94041,2.024,0.00155252,0.00155252,0.00155252
115,2874.72,1.51226,1.80206,1.30782,1.57411,0.45342,0.56772,0.50984,0.24681,0.44529,0.55263,0.4904,0.2054,1.87163,1.85195,1.94658,1.87351,0.00154856,0.00154856,0.00154856
116,2898.59,1.49555,1.76483,1.33137,1.55487,0.4493,0.52632,0.54248,0.27399,0.43401,0.55263,0.52049,0.2266,1.87321,1.81042,1.82648,1.92255,0.0015446,0.0015446,0.0015446
117,2923.06,1.514,1.90123,1.33472,1.58504,0.51869,0.57895,0.54578,0.25419,0.51869,0.57895,0.54863,0.19495,1.97631,1.93738,1.9363,1.95426,0.00154064,0.00154064,0.00154064
118,2948.54,1.49034,1.78964,1.25287,1.56369,0.4916,0.55263,0.54043,0.23706,0.46482,0.57151,0.49312,0.18049,1.99372,1.90616,1.8497,1.99472,0.00153668,0.00153668,0.00153668
119,2972.82,1.52518,1.89893,1.37909,1.59364,0.51538,0.5,0.56097,0.24346,0.41549,0.57895,0.49743,0.20484,2.05167,1.95409,1.68384,2.01897,0.00153272,0.00153272,0.00153272
120,2996.94,1.57958,1.8438,1.37778,1.63152,0.44672,0.65789,0.53195,0.25975,0.46953,0.65789,0.54492,0.20791,1.93698,1.93464,1.82211,2.04357,0.00152876,0.00152876,0.00152876
121,3021.82,1.49993,1.75764,1.35657,1.59601,0.58629,0.42105,0.50529,0.22666,0.58629,0.42105,0.50623,0.20096,2.00702,1.91304,1.89054,2.01264,0.0015248,0.0015248,0.0015248
122,3047.34,1.43902,1.78585,1.33491,1.55031,0.65621,0.55254,0.60245,0.29,0.64392,0.55263,0.58044,0.23162,1.9957,1.85332,1.73537,1.97932,0.00152084,0.00152084,0.00152084
123,3071.5,1.44145,1.68933,1.21886,1.56445,0.44918,0.49369,0.47067,0.20999,0.43655,0.52632,0.49642,0.21216,2.09771,1.80955,1.95104,2.01051,0.00151688,0.00151688,0.00151688
124,3095.23,1.52213,1.77539,1.27743,1.55332,0.3305,0.5,0.38532,0.1624,0.36529,0.55263,0.4165,0.1464,1.93931,1.86587,2.0413,1.94059,0.00151292,0.00151292,0.00151292
125,3119.54,1.54279,1.81955,1.33774,1.56864,0.34518,0.65789,0.50223,0.22811,0.33338,0.64497,0.47372,0.17966,1.92,1.98479,1.79268,1.92662,0.00150896,0.00150896,0.00150896
126,3143.45,1.53469,1.80764,1.34097,1.538,0.62674,0.47368,0.56098,0.26179,0.48058,0.52632,0.54465,0.22147,1.88894,1.87758,1.72888,1.89433,0.001505,0.001505,0.001505
127,3166.96,1.55086,1.88152,1.29784,1.56455,0.59627,0.63158,0.6142,0.30286,0.57363,0.60526,0.59174,0.2306,1.88273,1.88946,1.77443,1.89774,0.00150104,0.00150104,0.00150104
128,3190.63,1.44848,1.77994,1.2158,1.50957,0.43077,0.55263,0.54646,0.27406,0.43077,0.55263,0.54362,0.22474,1.98028,1.99681,1.85858,1.93969,0.00149708,0.00149708,0.00149708
129,3214.69,1.46695,1.66518,1.31748,1.5413,0.65116,0.63158,0.62954,0.31491,0.59689,0.57895,0.61062,0.25519,1.88886,1.96215,1.57906,1.91697,0.00149312,0.00149312,0.00149312
130,3240.88,1.41331,1.7407,1.31529,1.51492,0.46073,0.60526,0.52271,0.26247,0.44376,0.57895,0.51381,0.22196,1.94358,2.01523,1.95088,1.98364,0.00148916,0.00148916,0.00148916
131,3264.54,1.39178,1.81349,1.30365,1.47716,0.3762,0.57895,0.45652,0.21481,0.41206,0.57895,0.48189,0.19703,1.97659,2.03509,1.89375,2.01476,0.0014852,0.0014852,0.0014852
132,3289.29,1.38053,1.76586,1.21042,1.49844,0.39727,0.60526,0.44457,0.21118,0.4118,0.55263,0.45905,0.20286,2.05132,1.89485,1.90937,2.0508,0.00148124,0.00148124,0.00148124
133,3313.43,1.4568,1.78768,1.2645,1.56384,0.46332,0.52632,0.5649,0.23783,0.80096,0.36842,0.57061,0.21946,2.01519,1.92654,1.92423,1.94272,0.00147728,0.00147728,0.00147728
134,3337.69,1.43857,1.7927,1.28127,1.52986,0.65255,0.65789,0.666,0.29573,0.58506,0.63158,0.64826,0.23714,1.86632,1.77343,1.59056,1.87742,0.00147332,0.00147332,0.00147332
135,3362.46,1.41889,1.77872,1.21489,1.49665,0.45612,0.60526,0.55648,0.29045,0.43334,0.57895,0.54582,0.24417,1.82327,1.76407,1.85812,1.80623,0.00146936,0.00146936,0.00146936
136,3387.77,1.46423,1.79517,1.26737,1.50023,0.5057,0.45787,0.51519,0.26041,0.46574,0.52632,0.51728,0.22808,1.8691,1.94965,1.90635,1.89961,0.0014654,0.0014654,0.0014654
137,3411.75,1.41196,1.69683,1.20248,1.49302,0.47302,0.73232,0.61093,0.28118,0.53529,0.5,0.58319,0.22632,1.8567,1.8568,1.6952,1.88932,0.00146144,0.00146144,0.00146144
138,3435.67,1.31252,1.59971,1.11485,1.41551,0.53444,0.71053,0.68122,0.34013,0.65129,0.57895,0.65971,0.29341,1.78333,1.71802,1.48043,1.78767,0.00145748,0.00145748,0.00145748
139,3462.1,1.37956,1.70954,1.15367,1.45742,0.44353,0.63158,0.53656,0.249,0.44679,0.63158,0.58889,0.22991,1.88421,1.82388,1.77484,1.8717,0.00145352,0.00145352,0.00145352
140,3487.26,1.40701,1.73486,1.20822,1.48399,0.77467,0.55263,0.69994,0.32154,0.67392,0.52632,0.6772,0.25774,1.84642,1.74215,1.59129,1.93676,0.00144956,0.00144956,0.00144956
141,3511.63,1.4094,1.74346,1.18999,1.47477,0.57538,0.55263,0.57865,0.25835,0.57024,0.55263,0.60113,0.23513,1.82962,1.77813,1.685,1.95297,0.0014456,0.0014456,0.0014456
142,3535.77,1.37125,1.67288,1.16702,1.47732,0.77668,0.45788,0.66011,0.29653,0.73887,0.4468,0.62308,0.2388,1.95868,1.81321,1.6126,1.96177,0.00144164,0.00144164,0.00144164
143,3560.65,1.32407,1.67241,1.09879,1.44108,0.44927,0.57895,0.55723,0.2352,0.44851,0.52632,0.5295,0.19324,1.99255,1.88154,1.70612,1.99385,0.00143768,0.00143768,0.00143768
144,3586.22,1.37201,1.7002,1.12389,1.4899,0.61261,0.65789,0.60083,0.26715,0.5881,0.63158,0.60284,0.25893,2.02642,1.91748,1.65726,2.03966,0.00143372,0.00143372,0.00143372
145,3611.19,1.42182,1.75434,1.16775,1.49306,0.53414,0.63366,0.64275,0.28716,0.5517,0.60526,0.61715,0.25223,2.0231,2.00868,1.64989,2.02704,0.00142976,0.00142976,0.00142976
146,3635.63,1.40332,1.7363,1.15883,1.45201,0.58987,0.68421,0.64137,0.30148,0.52461,0.63158,0.58398,0.23376,2.0077,1.97457,1.61843,2.02958,0.0014258,0.0014258,0.0014258
147,3660.87,1.35323,1.69261,1.13862,1.43615,0.50356,0.66746,0.61986,0.30259,0.52724,0.63158,0.5642,0.22645,1.88658,1.93585,1.6734,1.8868,0.00142184,0.00142184,0.00142184
148,3686.28,1.33539,1.65965,1.11938,1.4336,0.6065,0.55263,0.67637,0.34161,0.6205,0.55263,0.66226,0.26725,2.00005,1.92832,1.50692,1.99052,0.00141788,0.00141788,0.00141788
149,3710.64,1.40494,1.70255,1.19755,1.46874,0.3523,0.78947,0.51542,0.22396,0.47034,0.44737,0.51632,0.1968,1.99496,2.0075,1.84375,2.1093,0.00141392,0.00141392,0.00141392
150,3735.13,1.35198,1.70026,1.15013,1.4496,0.5289,0.71053,0.58015,0.29746,0.50931,0.68421,0.55506,0.23618,1.87272,1.8767,1.48365,1.9482,0.00140996,0.00140996,0.00140996
151,3760.52,1.40606,1.74252,1.20772,1.534,0.63187,0.5,0.6036,0.32405,0.70437,0.50166,0.59738,0.25006,1.79821,2.09434,1.6554,1.90309,0.001406,0.001406,0.001406
152,3785.9,1.36508,1.66282,1.17781,1.43906,0.69964,0.57895,0.63686,0.30227,0.74426,0.55263,0.63472,0.25208,1.76007,1.90748,1.70591,1.83478,0.00140204,0.00140204,0.00140204
153,3810.2,1.32216,1.67057,1.12624,1.48391,0.47218,0.5,0.57104,0.25286,0.49509,0.54203,0.56071,0.23676,2.02453,1.91938,1.7784,1.94203,0.00139808,0.00139808,0.00139808
154,3834.53,1.42476,1.82072,1.21999,1.47477,0.4317,0.5,0.49668,0.23797,0.41916,0.52632,0.48329,0.21348,2.01394,1.89659,1.93162,2.00161,0.00139412,0.00139412,0.00139412
155,3859.17,1.38214,1.72488,1.19049,1.4606,0.4181,0.68421,0.51724,0.2437,0.45511,0.68421,0.52612,0.19863,1.82246,1.84623,1.73369,1.86356,0.00139016,0.00139016,0.00139016
156,3884.45,1.32377,1.58386,1.15645,1.47595,0.4485,0.73684,0.48915,0.2366,0.43532,0.71053,0.47844,0.18476,1.83229,1.93562,1.67975,1.92853,0.0013862,0.0013862,0.0013862
157,3908.6,1.33968,1.66042,1.15068,1.43283,0.50806,0.68421,0.52817,0.2379,0.51471,0.60526,0.52091,0.20617,2.00768,1.96874,1.86003,1.95095,0.00138224,0.00138224,0.00138224
158,3933.21,1.42187,1.75253,1.1359,1.48537,0.38989,0.70636,0.54685,0.28357,0.60881,0.4506,0.54657,0.22691,1.86168,1.92918,1.65438,1.92604,0.00137828,0.00137828,0.00137828
159,3958.68,1.4001,1.78071,1.17322,1.44925,0.79061,0.57895,0.71174,0.37437,0.75467,0.55263,0.6556,0.23283,1.83579,1.86182,1.62874,1.85709,0.00137432,0.00137432,0.00137432
160,3982.26,1.29759,1.67749,1.12393,1.41933,0.678,0.63158,0.6649,0.36776,0.6038,0.60526,0.65643,0.25344,1.79361,1.97004,1.45508,1.88461,0.00137036,0.00137036,0.00137036
161,4005.98,1.33727,1.6693,1.10246,1.42309,0.53884,0.52632,0.56269,0.26635,0.45899,0.60526,0.49773,0.18889,1.88049,2.05466,1.79263,1.95583,0.0013664,0.0013664,0.0013664
162,4030.03,1.30611,1.72889,1.10063,1.41653,0.58909,0.64151,0.63756,0.31278,0.56924,0.63158,0.62177,0.22943,1.84144,1.93835,1.62834,1.8919,0.00136244,0.00136244,0.00136244
163,4054.46,1.29271,1.69299,1.02922,1.4079,0.4137,0.66858,0.55739,0.28236,0.58279,0.47368,0.53812,0.22533,1.9398,1.94606,1.79793,1.98382,0.00135848,0.00135848,0.00135848
164,4077.91,1.26747,1.75949,1.00691,1.34991,0.45103,0.71053,0.59281,0.32726,0.6594,0.45876,0.57888,0.2677,1.7836,1.8546,1.63245,1.86978,0.00135452,0.00135452,0.00135452
165,4101.51,1.30565,1.58301,1.10946,1.43955,0.61612,0.67592,0.66644,0.33241,0.62056,0.64576,0.66525,0.26256,1.75894,1.8374,1.60005,1.85907,0.00135056,0.00135056,0.00135056
166,4125.92,1.24458,1.59108,0.99357,1.34122,0.67546,0.57895,0.64161,0.32979,0.71965,0.5,0.63996,0.27404,1.74463,1.77835,1.76011,1.84531,0.0013466,0.0013466,0.0013466
167,4150.2,1.30085,1.68089,1.10403,1.41294,0.64539,0.42105,0.60314,0.31385,0.67452,0.44737,0.63136,0.29035,1.80314,1.91683,1.69419,1.94762,0.00134264,0.00134264,0.00134264
168,4173.57,1.28494,1.5872,1.06781,1.42657,0.58451,0.62941,0.64181,0.3324,0.58647,0.55263,0.5794,0.25512,1.76638,2.04138,1.48224,1.85856,0.00133868,0.00133868,0.00133868
